Week of Allocations,1st Dose Allocations,2nd Dose Allocations,Jurisdiction
06/07/2021,"54,360","54,360",Connecticut
06/07/2021,"21,420","21,420",Maine
06/07/2021,"104,580","104,580",Massachusetts
06/07/2021,"21,420","21,420",New Hampshire
06/07/2021,"17,280","17,280",Rhode Island
06/07/2021,"11,070","11,070",Vermont
06/07/2021,"132,210","132,210",New Jersey
06/07/2021,"167,670","167,670",New York
06/07/2021,"128,070","128,070",New York City
06/07/2021,"52,290","52,290",Puerto Rico
06/07/2021,"3,240","3,240",U.S. Virgin Islands
06/07/2021,"15,210","15,210",Delaware
06/07/2021,"11,520","11,520",District of Columbia
06/07/2021,"89,370","89,370",Maryland
06/07/2021,"170,460","170,460",Pennsylvania
06/07/2021,"24,660","24,660",Philadelphia
06/07/2021,"126,000","126,000",Virginia
06/07/2021,"28,800","28,800",West Virginia
06/07/2021,"72,090","72,090",Alabama
06/07/2021,"314,640","314,640",Florida
06/07/2021,"149,490","149,490",Georgia
06/07/2021,"65,880","65,880",Kentucky
06/07/2021,"44,460","44,460",Mississippi
06/07/2021,"149,940","149,940",North Carolina
06/07/2021,"74,160","74,160",South Carolina
06/07/2021,"98,820","98,820",Tennessee
06/07/2021,"40,770","40,770",Chicago
06/07/2021,"149,490","149,490",Illinois
06/07/2021,"97,200","97,200",Indiana
06/07/2021,"147,870","147,870",Michigan
06/07/2021,"81,540","81,540",Minnesota
06/07/2021,"172,530","172,530",Ohio
06/07/2021,"85,680","85,680",Wisconsin
06/07/2021,"44,460","44,460",Arkansas
06/07/2021,"69,120","69,120",Louisiana
06/07/2021,"32,490","32,490",New Mexico
06/07/2021,"57,600","57,600",Oklahoma
06/07/2021,"393,660","393,660",Texas
06/07/2021,"46,530","46,530",Iowa
06/07/2021,"42,390","42,390",Kansas
06/07/2021,"89,820","89,820",Missouri
06/07/2021,"28,800","28,800",Nebraska
06/07/2021,"82,710","82,710",Colorado
06/07/2021,"16,830","16,830",Montana
06/07/2021,"11,520","11,520",North Dakota
06/07/2021,"13,140","13,140",South Dakota
06/07/2021,"41,220","41,220",Utah
06/07/2021,"9,450","9,450",Wyoming
06/07/2021,"102,510","102,510",Arizona
06/07/2021,"575,640","575,640",California
06/07/2021,"22,590","22,590",Hawaii
06/07/2021,"42,840","42,840",Nevada
06/07/2021,0,0,American Samoa
06/07/2021,0,0,Guam
06/07/2021,0,0,Marshall Islands
06/07/2021,0,0,Micronesia
06/07/2021,0,0,Mariana Islands
06/07/2021,0,0,Palau
06/07/2021,"16,830","16,830",Alaska
06/07/2021,"25,110","25,110",Idaho
06/07/2021,"62,190","62,190",Oregon
06/07/2021,"109,170","109,170",Washington
06/07/2021,"219,060","219,060",Federal Entities
05/31/2021,"54,360","54,360",Connecticut
05/31/2021,"21,420","21,420",Maine
05/31/2021,"104,580","104,580",Massachusetts
05/31/2021,"21,420","21,420",New Hampshire
05/31/2021,"17,280","17,280",Rhode Island
05/31/2021,"11,070","11,070",Vermont
05/31/2021,"132,210","132,210",New Jersey
05/31/2021,"167,670","167,670",New York
05/31/2021,"128,070","128,070",New York City
05/31/2021,"52,290","52,290",Puerto Rico
05/31/2021,"3,240","3,240",U.S. Virgin Islands
05/31/2021,"15,210","15,210",Delaware
05/31/2021,"11,520","11,520",District of Columbia
05/31/2021,"89,370","89,370",Maryland
05/31/2021,"170,460","170,460",Pennsylvania
05/31/2021,"24,660","24,660",Philadelphia
05/31/2021,"126,000","126,000",Virginia
05/31/2021,"28,800","28,800",West Virginia
05/31/2021,"72,090","72,090",Alabama
05/31/2021,"314,640","314,640",Florida
05/31/2021,"149,490","149,490",Georgia
05/31/2021,"65,880","65,880",Kentucky
05/31/2021,"44,460","44,460",Mississippi
05/31/2021,"149,940","149,940",North Carolina
05/31/2021,"74,160","74,160",South Carolina
05/31/2021,"98,820","98,820",Tennessee
05/31/2021,"40,770","40,770",Chicago
05/31/2021,"149,490","149,490",Illinois
05/31/2021,"97,200","97,200",Indiana
05/31/2021,"147,870","147,870",Michigan
05/31/2021,"81,540","81,540",Minnesota
05/31/2021,"172,530","172,530",Ohio
05/31/2021,"85,680","85,680",Wisconsin
05/31/2021,"44,460","44,460",Arkansas
05/31/2021,"69,120","69,120",Louisiana
05/31/2021,"32,490","32,490",New Mexico
05/31/2021,"57,600","57,600",Oklahoma
05/31/2021,"393,660","393,660",Texas
05/31/2021,"46,530","46,530",Iowa
05/31/2021,"42,390","42,390",Kansas
05/31/2021,"89,820","89,820",Missouri
05/31/2021,"28,800","28,800",Nebraska
05/31/2021,"82,710","82,710",Colorado
05/31/2021,"16,830","16,830",Montana
05/31/2021,"11,520","11,520",North Dakota
05/31/2021,"13,140","13,140",South Dakota
05/31/2021,"41,220","41,220",Utah
05/31/2021,"9,450","9,450",Wyoming
05/31/2021,"102,510","102,510",Arizona
05/31/2021,"575,640","575,640",California
05/31/2021,"22,590","22,590",Hawaii
05/31/2021,"42,840","42,840",Nevada
05/31/2021,0,0,American Samoa
05/31/2021,0,0,Guam
05/31/2021,0,0,Marshall Islands
05/31/2021,0,0,Micronesia
05/31/2021,0,0,Mariana Islands
05/31/2021,0,0,Palau
05/31/2021,"16,830","16,830",Alaska
05/31/2021,"25,110","25,110",Idaho
05/31/2021,"62,190","62,190",Oregon
05/31/2021,"109,170","109,170",Washington
05/31/2021,"218,790","218,790",Federal Entities
05/24/2021,"54,990","54,990",Connecticut
05/24/2021,"21,060","21,060",Maine
05/24/2021,"105,300","105,300",Massachusetts
05/24/2021,"21,060","21,060",New Hampshire
05/24/2021,"16,380","16,380",Rhode Island
05/24/2021,"10,530","10,530",Vermont
05/24/2021,"132,210","132,210",New Jersey
05/24/2021,"168,480","168,480",New York
05/24/2021,"128,700","128,700",New York City
05/24/2021,"52,650","52,650",Puerto Rico
05/24/2021,"2,340","2,340",U.S. Virgin Islands
05/24/2021,"15,210","15,210",Delaware
05/24/2021,"11,700","11,700",District of Columbia
05/24/2021,"90,090","90,090",Maryland
05/24/2021,"170,820","170,820",Pennsylvania
05/24/2021,"24,570","24,570",Philadelphia
05/24/2021,"126,360","126,360",Virginia
05/24/2021,"28,080","28,080",West Virginia
05/24/2021,"72,540","72,540",Alabama
05/24/2021,"314,730","314,730",Florida
05/24/2021,"149,760","149,760",Georgia
05/24/2021,"66,690","66,690",Kentucky
05/24/2021,"44,460","44,460",Mississippi
05/24/2021,"150,930","150,930",North Carolina
05/24/2021,"74,880","74,880",South Carolina
05/24/2021,"99,450","99,450",Tennessee
05/24/2021,"40,950","40,950",Chicago
05/24/2021,"149,760","149,760",Illinois
05/24/2021,"97,110","97,110",Indiana
05/24/2021,"148,590","148,590",Michigan
05/24/2021,"81,900","81,900",Minnesota
05/24/2021,"173,160","173,160",Ohio
05/24/2021,"86,580","86,580",Wisconsin
05/24/2021,"44,460","44,460",Arkansas
05/24/2021,"69,030","69,030",Louisiana
05/24/2021,"31,590","31,590",New Mexico
05/24/2021,"57,330","57,330",Oklahoma
05/24/2021,"394,290","394,290",Texas
05/24/2021,"46,800","46,800",Iowa
05/24/2021,"42,120","42,120",Kansas
05/24/2021,"90,090","90,090",Missouri
05/24/2021,"28,080","28,080",Nebraska
05/24/2021,"81,900","81,900",Colorado
05/24/2021,"16,380","16,380",Montana
05/24/2021,"11,700","11,700",North Dakota
05/24/2021,"12,870","12,870",South Dakota
05/24/2021,"40,950","40,950",Utah
05/24/2021,"9,360","9,360",Wyoming
05/24/2021,"102,960","102,960",Arizona
05/24/2021,"575,640","575,640",California
05/24/2021,"22,230","22,230",Hawaii
05/24/2021,"43,290","43,290",Nevada
05/24/2021,0,0,American Samoa
05/24/2021,0,0,Guam
05/24/2021,0,0,Marshall Islands
05/24/2021,0,0,Micronesia
05/24/2021,0,0,Mariana Islands
05/24/2021,0,0,Palau
05/24/2021,"16,380","16,380",Alaska
05/24/2021,"24,570","24,570",Idaho
05/24/2021,"62,010","62,010",Oregon
05/24/2021,"109,980","109,980",Washington
05/24/2021,"218,790","218,790",Federal Entities
05/17/2021,"54,990","54,990",Connecticut
05/17/2021,"21,060","21,060",Maine
05/17/2021,"105,300","105,300",Massachusetts
05/17/2021,"21,060","21,060",New Hampshire
05/17/2021,"16,380","16,380",Rhode Island
05/17/2021,"10,530","10,530",Vermont
05/17/2021,"132,210","132,210",New Jersey
05/17/2021,"168,480","168,480",New York
05/17/2021,"128,700","128,700",New York City
05/17/2021,"52,650","52,650",Puerto Rico
05/17/2021,"2,340","2,340",U.S. Virgin Islands
05/17/2021,"15,210","15,210",Delaware
05/17/2021,"11,700","11,700",District of Columbia
05/17/2021,"90,090","90,090",Maryland
05/17/2021,"170,820","170,820",Pennsylvania
05/17/2021,"24,570","24,570",Philadelphia
05/17/2021,"126,360","126,360",Virginia
05/17/2021,"28,080","28,080",West Virginia
05/17/2021,"72,540","72,540",Alabama
05/17/2021,"314,730","314,730",Florida
05/17/2021,"149,760","149,760",Georgia
05/17/2021,"66,690","66,690",Kentucky
05/17/2021,"44,460","44,460",Mississippi
05/17/2021,"150,930","150,930",North Carolina
05/17/2021,"74,880","74,880",South Carolina
05/17/2021,"99,450","99,450",Tennessee
05/17/2021,"40,950","40,950",Chicago
05/17/2021,"149,760","149,760",Illinois
05/17/2021,"97,110","97,110",Indiana
05/17/2021,"148,590","148,590",Michigan
05/17/2021,"81,900","81,900",Minnesota
05/17/2021,"173,160","173,160",Ohio
05/17/2021,"86,580","86,580",Wisconsin
05/17/2021,"44,460","44,460",Arkansas
05/17/2021,"69,030","69,030",Louisiana
05/17/2021,"31,590","31,590",New Mexico
05/17/2021,"57,330","57,330",Oklahoma
05/17/2021,"394,290","394,290",Texas
05/17/2021,"46,800","46,800",Iowa
05/17/2021,"42,120","42,120",Kansas
05/17/2021,"90,090","90,090",Missouri
05/17/2021,"28,080","28,080",Nebraska
05/17/2021,"81,900","81,900",Colorado
05/17/2021,"16,380","16,380",Montana
05/17/2021,"11,700","11,700",North Dakota
05/17/2021,"12,870","12,870",South Dakota
05/17/2021,"40,950","40,950",Utah
05/17/2021,"9,360","9,360",Wyoming
05/17/2021,"102,960","102,960",Arizona
05/17/2021,"575,640","575,640",California
05/17/2021,"22,230","22,230",Hawaii
05/17/2021,"43,290","43,290",Nevada
05/17/2021,0,0,American Samoa
05/17/2021,0,0,Guam
05/17/2021,0,0,Marshall Islands
05/17/2021,0,0,Micronesia
05/17/2021,0,0,Mariana Islands
05/17/2021,0,0,Palau
05/17/2021,"16,380","16,380",Alaska
05/17/2021,"24,570","24,570",Idaho
05/17/2021,"62,010","62,010",Oregon
05/17/2021,"109,980","109,980",Washington
05/17/2021,"218,790","218,790",Federal Entities
05/10/2021,"54,990","54,990",Connecticut
05/10/2021,"21,060","21,060",Maine
05/10/2021,"105,300","105,300",Massachusetts
05/10/2021,"21,060","21,060",New Hampshire
05/10/2021,"16,380","16,380",Rhode Island
05/10/2021,"10,530","10,530",Vermont
05/10/2021,"132,210","132,210",New Jersey
05/10/2021,"168,480","168,480",New York
05/10/2021,"128,700","128,700",New York City
05/10/2021,"52,650","52,650",Puerto Rico
05/10/2021,"2,340","2,340",U.S. Virgin Islands
05/10/2021,"15,210","15,210",Delaware
05/10/2021,"11,700","11,700",District of Columbia
05/10/2021,"90,090","90,090",Maryland
05/10/2021,"170,820","170,820",Pennsylvania
05/10/2021,"24,570","24,570",Philadelphia
05/10/2021,"126,360","126,360",Virginia
05/10/2021,"28,080","28,080",West Virginia
05/10/2021,"72,540","72,540",Alabama
05/10/2021,"314,730","314,730",Florida
05/10/2021,"149,760","149,760",Georgia
05/10/2021,"66,690","66,690",Kentucky
05/10/2021,"44,460","44,460",Mississippi
05/10/2021,"150,930","150,930",North Carolina
05/10/2021,"74,880","74,880",South Carolina
05/10/2021,"99,450","99,450",Tennessee
05/10/2021,"40,950","40,950",Chicago
05/10/2021,"149,760","149,760",Illinois
05/10/2021,"97,110","97,110",Indiana
05/10/2021,"148,590","148,590",Michigan
05/10/2021,"81,900","81,900",Minnesota
05/10/2021,"173,160","173,160",Ohio
05/10/2021,"86,580","86,580",Wisconsin
05/10/2021,"44,460","44,460",Arkansas
05/10/2021,"69,030","69,030",Louisiana
05/10/2021,"31,590","31,590",New Mexico
05/10/2021,"57,330","57,330",Oklahoma
05/10/2021,"394,290","394,290",Texas
05/10/2021,"46,800","46,800",Iowa
05/10/2021,"42,120","42,120",Kansas
05/10/2021,"90,090","90,090",Missouri
05/10/2021,"28,080","28,080",Nebraska
05/10/2021,"81,900","81,900",Colorado
05/10/2021,"16,380","16,380",Montana
05/10/2021,"11,700","11,700",North Dakota
05/10/2021,"12,870","12,870",South Dakota
05/10/2021,"40,950","40,950",Utah
05/10/2021,"9,360","9,360",Wyoming
05/10/2021,"102,960","102,960",Arizona
05/10/2021,"575,640","575,640",California
05/10/2021,"22,230","22,230",Hawaii
05/10/2021,"43,290","43,290",Nevada
05/10/2021,0,0,American Samoa
05/10/2021,0,0,Guam
05/10/2021,0,0,Marshall Islands
05/10/2021,0,0,Micronesia
05/10/2021,0,0,Mariana Islands
05/10/2021,0,0,Palau
05/10/2021,"16,380","16,380",Alaska
05/10/2021,"24,570","24,570",Idaho
05/10/2021,"62,010","62,010",Oregon
05/10/2021,"109,980","109,980",Washington
05/10/2021,"218,790","218,790",Federal Entities
05/03/2021,"54,990","54,990",Connecticut
05/03/2021,"21,060","21,060",Maine
05/03/2021,"105,300","105,300",Massachusetts
05/03/2021,"21,060","21,060",New Hampshire
05/03/2021,"16,380","16,380",Rhode Island
05/03/2021,"10,530","10,530",Vermont
05/03/2021,"132,210","132,210",New Jersey
05/03/2021,"168,480","168,480",New York
05/03/2021,"128,700","128,700",New York City
05/03/2021,"52,650","52,650",Puerto Rico
05/03/2021,"2,340","2,340",U.S. Virgin Islands
05/03/2021,"15,210","15,210",Delaware
05/03/2021,"11,700","11,700",District of Columbia
05/03/2021,"90,090","90,090",Maryland
05/03/2021,"170,820","170,820",Pennsylvania
05/03/2021,"24,570","24,570",Philadelphia
05/03/2021,"126,360","126,360",Virginia
05/03/2021,"28,080","28,080",West Virginia
05/03/2021,"72,540","72,540",Alabama
05/03/2021,"314,730","314,730",Florida
05/03/2021,"149,760","149,760",Georgia
05/03/2021,"66,690","66,690",Kentucky
05/03/2021,"44,460","44,460",Mississippi
05/03/2021,"150,930","150,930",North Carolina
05/03/2021,"74,880","74,880",South Carolina
05/03/2021,"99,450","99,450",Tennessee
05/03/2021,"40,950","40,950",Chicago
05/03/2021,"149,760","149,760",Illinois
05/03/2021,"97,110","97,110",Indiana
05/03/2021,"148,590","148,590",Michigan
05/03/2021,"81,900","81,900",Minnesota
05/03/2021,"173,160","173,160",Ohio
05/03/2021,"86,580","86,580",Wisconsin
05/03/2021,"44,460","44,460",Arkansas
05/03/2021,"69,030","69,030",Louisiana
05/03/2021,"31,590","31,590",New Mexico
05/03/2021,"57,330","57,330",Oklahoma
05/03/2021,"394,290","394,290",Texas
05/03/2021,"46,800","46,800",Iowa
05/03/2021,"42,120","42,120",Kansas
05/03/2021,"90,090","90,090",Missouri
05/03/2021,"28,080","28,080",Nebraska
05/03/2021,"81,900","81,900",Colorado
05/03/2021,"16,380","16,380",Montana
05/03/2021,"11,700","11,700",North Dakota
05/03/2021,"12,870","12,870",South Dakota
05/03/2021,"40,950","40,950",Utah
05/03/2021,"9,360","9,360",Wyoming
05/03/2021,"102,960","102,960",Arizona
05/03/2021,"575,640","575,640",California
05/03/2021,"22,230","22,230",Hawaii
05/03/2021,"43,290","43,290",Nevada
05/03/2021,0,0,American Samoa
05/03/2021,0,0,Guam
05/03/2021,0,0,Marshall Islands
05/03/2021,0,0,Micronesia
05/03/2021,0,0,Mariana Islands
05/03/2021,0,0,Palau
05/03/2021,"18,720","18,720",Alaska
05/03/2021,"24,570","24,570",Idaho
05/03/2021,"62,010","62,010",Oregon
05/03/2021,"109,980","109,980",Washington
05/03/2021,"218,790","218,790",Federal Entities
04/26/2021,"54,990","54,990",Connecticut
04/26/2021,"21,060","21,060",Maine
04/26/2021,"105,300","105,300",Massachusetts
04/26/2021,"21,060","21,060",New Hampshire
04/26/2021,"16,380","16,380",Rhode Island
04/26/2021,"10,530","10,530",Vermont
04/26/2021,"132,210","132,210",New Jersey
04/26/2021,"168,480","168,480",New York
04/26/2021,"128,700","128,700",New York City
04/26/2021,"52,650","52,650",Puerto Rico
04/26/2021,"2,340","2,340",U.S. Virgin Islands
04/26/2021,"15,210","15,210",Delaware
04/26/2021,"11,700","11,700",District of Columbia
04/26/2021,"90,090","90,090",Maryland
04/26/2021,"170,820","170,820",Pennsylvania
04/26/2021,"24,570","24,570",Philadelphia
04/26/2021,"126,360","126,360",Virginia
04/26/2021,"28,080","28,080",West Virginia
04/26/2021,"72,540","72,540",Alabama
04/26/2021,"314,730","314,730",Florida
04/26/2021,"149,760","149,760",Georgia
04/26/2021,"66,690","66,690",Kentucky
04/26/2021,"44,460","44,460",Mississippi
04/26/2021,"150,930","150,930",North Carolina
04/26/2021,"74,880","74,880",South Carolina
04/26/2021,"99,450","99,450",Tennessee
04/26/2021,"40,950","40,950",Chicago
04/26/2021,"149,760","149,760",Illinois
04/26/2021,"97,110","97,110",Indiana
04/26/2021,"148,590","148,590",Michigan
04/26/2021,"81,900","81,900",Minnesota
04/26/2021,"173,160","173,160",Ohio
04/26/2021,"86,580","86,580",Wisconsin
04/26/2021,"44,460","44,460",Arkansas
04/26/2021,"69,030","69,030",Louisiana
04/26/2021,"31,590","31,590",New Mexico
04/26/2021,"57,330","57,330",Oklahoma
04/26/2021,"394,290","394,290",Texas
04/26/2021,"46,800","46,800",Iowa
04/26/2021,"42,120","42,120",Kansas
04/26/2021,"90,090","90,090",Missouri
04/26/2021,"28,080","28,080",Nebraska
04/26/2021,"81,900","81,900",Colorado
04/26/2021,"16,380","16,380",Montana
04/26/2021,"11,700","11,700",North Dakota
04/26/2021,"12,870","12,870",South Dakota
04/26/2021,"40,950","40,950",Utah
04/26/2021,"9,360","9,360",Wyoming
04/26/2021,"102,960","102,960",Arizona
04/26/2021,"575,640","575,640",California
04/26/2021,"22,230","22,230",Hawaii
04/26/2021,"43,290","43,290",Nevada
04/26/2021,0,0,American Samoa
04/26/2021,0,0,Guam
04/26/2021,0,0,Marshall Islands
04/26/2021,0,0,Micronesia
04/26/2021,0,0,Mariana Islands
04/26/2021,0,0,Palau
04/26/2021,0,0,Alaska
04/26/2021,"24,570","24,570",Idaho
04/26/2021,"62,010","62,010",Oregon
04/26/2021,"109,980","109,980",Washington
04/26/2021,"218,790","218,790",Federal Entities
04/19/2021,"54,990","54,990",Connecticut
04/19/2021,"21,060","21,060",Maine
04/19/2021,"105,300","105,300",Massachusetts
04/19/2021,"21,060","21,060",New Hampshire
04/19/2021,"16,380","16,380",Rhode Island
04/19/2021,"10,530","10,530",Vermont
04/19/2021,"132,210","132,210",New Jersey
04/19/2021,"168,480","168,480",New York
04/19/2021,"128,700","128,700",New York City
04/19/2021,"52,650","52,650",Puerto Rico
04/19/2021,"2,340","2,340",U.S. Virgin Islands
04/19/2021,"15,210","15,210",Delaware
04/19/2021,"11,700","11,700",District of Columbia
04/19/2021,"90,090","90,090",Maryland
04/19/2021,"170,820","170,820",Pennsylvania
04/19/2021,"24,570","24,570",Philadelphia
04/19/2021,"126,360","126,360",Virginia
04/19/2021,"28,080","28,080",West Virginia
04/19/2021,"72,540","72,540",Alabama
04/19/2021,"314,730","314,730",Florida
04/19/2021,"149,760","149,760",Georgia
04/19/2021,"66,690","66,690",Kentucky
04/19/2021,"44,460","44,460",Mississippi
04/19/2021,"150,930","150,930",North Carolina
04/19/2021,"74,880","74,880",South Carolina
04/19/2021,"99,450","99,450",Tennessee
04/19/2021,"40,950","40,950",Chicago
04/19/2021,"149,760","149,760",Illinois
04/19/2021,"97,110","97,110",Indiana
04/19/2021,"148,590","148,590",Michigan
04/19/2021,"81,900","81,900",Minnesota
04/19/2021,"173,160","173,160",Ohio
04/19/2021,"86,580","86,580",Wisconsin
04/19/2021,"44,460","44,460",Arkansas
04/19/2021,"69,030","69,030",Louisiana
04/19/2021,"31,590","31,590",New Mexico
04/19/2021,"57,330","57,330",Oklahoma
04/19/2021,"394,290","394,290",Texas
04/19/2021,"46,800","46,800",Iowa
04/19/2021,"42,120","42,120",Kansas
04/19/2021,"90,090","90,090",Missouri
04/19/2021,"28,080","28,080",Nebraska
04/19/2021,"81,900","81,900",Colorado
04/19/2021,"16,380","16,380",Montana
04/19/2021,"11,700","11,700",North Dakota
04/19/2021,"12,870","12,870",South Dakota
04/19/2021,"40,950","40,950",Utah
04/19/2021,"9,360","9,360",Wyoming
04/19/2021,"102,960","102,960",Arizona
04/19/2021,"575,640","575,640",California
04/19/2021,"22,230","22,230",Hawaii
04/19/2021,"43,290","43,290",Nevada
04/19/2021,0,0,American Samoa
04/19/2021,0,0,Guam
04/19/2021,0,0,Marshall Islands
04/19/2021,0,0,Micronesia
04/19/2021,0,0,Mariana Islands
04/19/2021,0,0,Palau
04/19/2021,0,0,Alaska
04/19/2021,"24,570","24,570",Idaho
04/19/2021,"62,010","62,010",Oregon
04/19/2021,"109,980","109,980",Washington
04/19/2021,"203,580","203,580",Federal Entities
04/12/2021,"51,480","51,480",Connecticut
04/12/2021,"19,890","19,890",Maine
04/12/2021,"97,110","97,110",Massachusetts
04/12/2021,"19,890","19,890",New Hampshire
04/12/2021,"15,210","15,210",Rhode Island
04/12/2021,"9,360","9,360",Vermont
04/12/2021,"124,020","124,020",New Jersey
04/12/2021,"156,780","156,780",New York
04/12/2021,"119,340","119,340",New York City
04/12/2021,"49,140","49,140",Puerto Rico
04/12/2021,"2,340","2,340",U.S. Virgin Islands
04/12/2021,"14,040","14,040",Delaware
04/12/2021,"10,530","10,530",District of Columbia
04/12/2021,"83,070","83,070",Maryland
04/12/2021,"159,120","159,120",Pennsylvania
04/12/2021,"22,230","22,230",Philadelphia
04/12/2021,"117,000","117,000",Virginia
04/12/2021,"26,910","26,910",West Virginia
04/12/2021,"67,860","67,860",Alabama
04/12/2021,"293,670","293,670",Florida
04/12/2021,"139,230","139,230",Georgia
04/12/2021,"62,010","62,010",Kentucky
04/12/2021,"40,950","40,950",Mississippi
04/12/2021,"140,400","140,400",North Carolina
04/12/2021,"69,030","69,030",South Carolina
04/12/2021,"92,430","92,430",Tennessee
04/12/2021,"37,440","37,440",Chicago
04/12/2021,"139,230","139,230",Illinois
04/12/2021,"91,260","91,260",Indiana
04/12/2021,"139,230","139,230",Michigan
04/12/2021,"76,050","76,050",Minnesota
04/12/2021,"161,460","161,460",Ohio
04/12/2021,"80,730","80,730",Wisconsin
04/12/2021,"40,950","40,950",Arkansas
04/12/2021,"64,350","64,350",Louisiana
04/12/2021,"29,250","29,250",New Mexico
04/12/2021,"53,820","53,820",Oklahoma
04/12/2021,"367,380","367,380",Texas
04/12/2021,"43,290","43,290",Iowa
04/12/2021,"39,780","39,780",Kansas
04/12/2021,"84,240","84,240",Missouri
04/12/2021,"26,910","26,910",Nebraska
04/12/2021,"76,050","76,050",Colorado
04/12/2021,"15,210","15,210",Montana
04/12/2021,"10,530","10,530",North Dakota
04/12/2021,"11,700","11,700",South Dakota
04/12/2021,"38,610","38,610",Utah
04/12/2021,"8,190","8,190",Wyoming
04/12/2021,"95,940","95,940",Arizona
04/12/2021,"535,860","535,860",California
04/12/2021,"19,890","19,890",Hawaii
04/12/2021,"40,950","40,950",Nevada
04/12/2021,0,0,American Samoa
04/12/2021,0,0,Guam
04/12/2021,0,0,Marshall Islands
04/12/2021,0,0,Micronesia
04/12/2021,0,0,Mariana Islands
04/12/2021,0,0,Palau
04/12/2021,0,0,Alaska
04/12/2021,"23,400","23,400",Idaho
04/12/2021,"58,500","58,500",Oregon
04/12/2021,"102,960","102,960",Washington
04/12/2021,"201,240","201,240",Federal Entities
04/05/2021,"50,310","50,310",Connecticut
04/05/2021,"19,890","19,890",Maine
04/05/2021,"95,940","95,940",Massachusetts
04/05/2021,"19,890","19,890",New Hampshire
04/05/2021,"15,210","15,210",Rhode Island
04/05/2021,"9,360","9,360",Vermont
04/05/2021,"120,510","120,510",New Jersey
04/05/2021,"153,270","153,270",New York
04/05/2021,"117,000","117,000",New York City
04/05/2021,"47,970","47,970",Puerto Rico
04/05/2021,"2,340","2,340",U.S. Virgin Islands
04/05/2021,"14,040","14,040",Delaware
04/05/2021,"10,530","10,530",District of Columbia
04/05/2021,"81,900","81,900",Maryland
04/05/2021,"155,610","155,610",Pennsylvania
04/05/2021,"22,230","22,230",Philadelphia
04/05/2021,"114,660","114,660",Virginia
04/05/2021,"25,740","25,740",West Virginia
04/05/2021,"66,690","66,690",Alabama
04/05/2021,"286,650","286,650",Florida
04/05/2021,"136,890","136,890",Georgia
04/05/2021,"60,840","60,840",Kentucky
04/05/2021,"39,780","39,780",Mississippi
04/05/2021,"138,060","138,060",North Carolina
04/05/2021,"67,860","67,860",South Carolina
04/05/2021,"90,090","90,090",Tennessee
04/05/2021,"37,440","37,440",Chicago
04/05/2021,"136,890","136,890",Illinois
04/05/2021,"88,920","88,920",Indiana
04/05/2021,"135,720","135,720",Michigan
04/05/2021,"74,880","74,880",Minnesota
04/05/2021,"157,950","157,950",Ohio
04/05/2021,"79,560","79,560",Wisconsin
04/05/2021,"39,780","39,780",Arkansas
04/05/2021,"62,010","62,010",Louisiana
04/05/2021,"29,250","29,250",New Mexico
04/05/2021,"52,650","52,650",Oklahoma
04/05/2021,"359,190","359,190",Texas
04/05/2021,"42,120","42,120",Iowa
04/05/2021,"38,610","38,610",Kansas
04/05/2021,"83,070","83,070",Missouri
04/05/2021,"25,740","25,740",Nebraska
04/05/2021,"74,880","74,880",Colorado
04/05/2021,"15,210","15,210",Montana
04/05/2021,"10,530","10,530",North Dakota
04/05/2021,"11,700","11,700",South Dakota
04/05/2021,"37,440","37,440",Utah
04/05/2021,"8,190","8,190",Wyoming
04/05/2021,"93,600","93,600",Arizona
04/05/2021,"524,160","524,160",California
04/05/2021,"19,890","19,890",Hawaii
04/05/2021,"39,780","39,780",Nevada
04/05/2021,0,0,American Samoa
04/05/2021,0,0,Guam
04/05/2021,0,0,Marshall Islands
04/05/2021,0,0,Micronesia
04/05/2021,0,0,Mariana Islands
04/05/2021,0,0,Palau
04/05/2021,0,0,Alaska
04/05/2021,"22,230","22,230",Idaho
04/05/2021,"57,330","57,330",Oregon
04/05/2021,"100,620","100,620",Washington
04/05/2021,"243,360","243,360",Federal Entities
03/29/2021,"60,840","60,840",Connecticut
03/29/2021,"23,400","23,400",Maine
03/29/2021,"117,000","117,000",Massachusetts
03/29/2021,"23,400","23,400",New Hampshire
03/29/2021,"18,720","18,720",Rhode Island
03/29/2021,"11,700","11,700",Vermont
03/29/2021,"148,590","148,590",New Jersey
03/29/2021,"188,370","188,370",New York
03/29/2021,"143,910","143,910",New York City
03/29/2021,"58,500","58,500",Puerto Rico
03/29/2021,"2,340","2,340",U.S. Virgin Islands
03/29/2021,"16,380","16,380",Delaware
03/29/2021,"12,870","12,870",District of Columbia
03/29/2021,"100,620","100,620",Maryland
03/29/2021,"190,710","190,710",Pennsylvania
03/29/2021,"26,910","26,910",Philadelphia
03/29/2021,"140,400","140,400",Virginia
03/29/2021,"31,590","31,590",West Virginia
03/29/2021,"80,730","80,730",Alabama
03/29/2021,"352,170","352,170",Florida
03/29/2021,"167,310","167,310",Georgia
03/29/2021,"73,710","73,710",Kentucky
03/29/2021,"49,140","49,140",Mississippi
03/29/2021,"168,480","168,480",North Carolina
03/29/2021,"83,070","83,070",South Carolina
03/29/2021,"111,150","111,150",Tennessee
03/29/2021,"45,630","45,630",Chicago
03/29/2021,"167,310","167,310",Illinois
03/29/2021,"108,810","108,810",Indiana
03/29/2021,"166,140","166,140",Michigan
03/29/2021,"91,260","91,260",Minnesota
03/29/2021,"194,220","194,220",Ohio
03/29/2021,"97,110","97,110",Wisconsin
03/29/2021,"49,140","49,140",Arkansas
03/29/2021,"77,220","77,220",Louisiana
03/29/2021,"35,100","35,100",New Mexico
03/29/2021,"64,350","64,350",Oklahoma
03/29/2021,"441,090","441,090",Texas
03/29/2021,"51,480","51,480",Iowa
03/29/2021,"47,970","47,970",Kansas
03/29/2021,"101,790","101,790",Missouri
03/29/2021,"31,590","31,590",Nebraska
03/29/2021,"92,430","92,430",Colorado
03/29/2021,"17,550","17,550",Montana
03/29/2021,"12,870","12,870",North Dakota
03/29/2021,"14,040","14,040",South Dakota
03/29/2021,"46,800","46,800",Utah
03/29/2021,"10,530","10,530",Wyoming
03/29/2021,"114,660","114,660",Arizona
03/29/2021,"644,670","644,670",California
03/29/2021,"24,570","24,570",Hawaii
03/29/2021,"49,140","49,140",Nevada
03/29/2021,"11,700",0,American Samoa
03/29/2021,"25,740",0,Guam
03/29/2021,0,0,Marshall Islands
03/29/2021,0,0,Micronesia
03/29/2021,"11,700",0,Mariana Islands
03/29/2021,0,0,Palau
03/29/2021,"91,260","79,560",Alaska
03/29/2021,"26,910","26,910",Idaho
03/29/2021,"70,200","70,200",Oregon
03/29/2021,"122,850","122,850",Washington
03/29/2021,"201,240","201,240",Federal Entities
03/22/2021,"50,310","50,310",Connecticut
03/22/2021,"19,890","19,890",Maine
03/22/2021,"95,940","95,940",Massachusetts
03/22/2021,"19,890","19,890",New Hampshire
03/22/2021,"15,210","15,210",Rhode Island
03/22/2021,"9,360","9,360",Vermont
03/22/2021,"120,510","120,510",New Jersey
03/22/2021,"153,270","153,270",New York
03/22/2021,"117,000","117,000",New York City
03/22/2021,"47,970","47,970",Puerto Rico
03/22/2021,"2,340","2,340",U.S. Virgin Islands
03/22/2021,"14,040","14,040",Delaware
03/22/2021,"10,530","10,530",District of Columbia
03/22/2021,"81,900","81,900",Maryland
03/22/2021,"155,610","155,610",Pennsylvania
03/22/2021,"22,230","22,230",Philadelphia
03/22/2021,"114,660","114,660",Virginia
03/22/2021,"25,740","25,740",West Virginia
03/22/2021,"66,690","66,690",Alabama
03/22/2021,"286,650","286,650",Florida
03/22/2021,"136,890","136,890",Georgia
03/22/2021,"60,840","60,840",Kentucky
03/22/2021,"39,780","39,780",Mississippi
03/22/2021,"138,060","138,060",North Carolina
03/22/2021,"67,860","67,860",South Carolina
03/22/2021,"90,090","90,090",Tennessee
03/22/2021,"37,440","37,440",Chicago
03/22/2021,"136,890","136,890",Illinois
03/22/2021,"88,920","88,920",Indiana
03/22/2021,"135,720","135,720",Michigan
03/22/2021,"74,880","74,880",Minnesota
03/22/2021,"157,950","157,950",Ohio
03/22/2021,"79,560","79,560",Wisconsin
03/22/2021,"39,780","39,780",Arkansas
03/22/2021,"62,010","62,010",Louisiana
03/22/2021,"29,250","29,250",New Mexico
03/22/2021,"52,650","52,650",Oklahoma
03/22/2021,"359,190","359,190",Texas
03/22/2021,"42,120","42,120",Iowa
03/22/2021,"38,610","38,610",Kansas
03/22/2021,"83,070","83,070",Missouri
03/22/2021,"25,740","25,740",Nebraska
03/22/2021,"74,880","74,880",Colorado
03/22/2021,"15,210","15,210",Montana
03/22/2021,"10,530","10,530",North Dakota
03/22/2021,"11,700","11,700",South Dakota
03/22/2021,"37,440","37,440",Utah
03/22/2021,"8,190","8,190",Wyoming
03/22/2021,"93,600","93,600",Arizona
03/22/2021,"524,160","524,160",California
03/22/2021,"19,890","19,890",Hawaii
03/22/2021,"39,780","39,780",Nevada
03/22/2021,0,0,American Samoa
03/22/2021,0,0,Guam
03/22/2021,0,0,Marshall Islands
03/22/2021,0,0,Micronesia
03/22/2021,0,0,Mariana Islands
03/22/2021,0,0,Palau
03/22/2021,0,0,Alaska
03/22/2021,"22,230","22,230",Idaho
03/22/2021,"57,330","57,330",Oregon
03/22/2021,"100,620","100,620",Washington
03/22/2021,"195,390","195,390",Federal Entities
03/15/2021,"49,140","49,140",Connecticut
03/15/2021,"18,720","18,720",Maine
03/15/2021,"93,600","93,600",Massachusetts
03/15/2021,"18,720","18,720",New Hampshire
03/15/2021,"15,210","15,210",Rhode Island
03/15/2021,"9,360","9,360",Vermont
03/15/2021,"119,340","119,340",New Jersey
03/15/2021,"150,930","150,930",New York
03/15/2021,"114,660","114,660",New York City
03/15/2021,"46,800","46,800",Puerto Rico
03/15/2021,"2,340","2,340",U.S. Virgin Islands
03/15/2021,"12,870","12,870",Delaware
03/15/2021,"10,530","10,530",District of Columbia
03/15/2021,"80,730","80,730",Maryland
03/15/2021,"153,270","153,270",Pennsylvania
03/15/2021,"22,230","22,230",Philadelphia
03/15/2021,"112,320","112,320",Virginia
03/15/2021,"25,740","25,740",West Virginia
03/15/2021,"65,520","65,520",Alabama
03/15/2021,"281,970","281,970",Florida
03/15/2021,"134,550","134,550",Georgia
03/15/2021,"59,670","59,670",Kentucky
03/15/2021,"39,780","39,780",Mississippi
03/15/2021,"135,720","135,720",North Carolina
03/15/2021,"66,690","66,690",South Carolina
03/15/2021,"88,920","88,920",Tennessee
03/15/2021,"36,270","36,270",Chicago
03/15/2021,"134,550","134,550",Illinois
03/15/2021,"87,750","87,750",Indiana
03/15/2021,"133,380","133,380",Michigan
03/15/2021,"73,710","73,710",Minnesota
03/15/2021,"155,610","155,610",Ohio
03/15/2021,"78,390","78,390",Wisconsin
03/15/2021,"39,780","39,780",Arkansas
03/15/2021,"62,010","62,010",Louisiana
03/15/2021,"28,080","28,080",New Mexico
03/15/2021,"51,480","51,480",Oklahoma
03/15/2021,"353,340","353,340",Texas
03/15/2021,"42,120","42,120",Iowa
03/15/2021,"38,610","38,610",Kansas
03/15/2021,"80,730","80,730",Missouri
03/15/2021,"25,740","25,740",Nebraska
03/15/2021,"73,710","73,710",Colorado
03/15/2021,"14,040","14,040",Montana
03/15/2021,"10,530","10,530",North Dakota
03/15/2021,"11,700","11,700",South Dakota
03/15/2021,"37,440","37,440",Utah
03/15/2021,"8,190","8,190",Wyoming
03/15/2021,"92,430","92,430",Arizona
03/15/2021,"515,970","515,970",California
03/15/2021,"19,890","19,890",Hawaii
03/15/2021,"38,610","38,610",Nevada
03/15/2021,0,0,American Samoa
03/15/2021,0,0,Guam
03/15/2021,0,0,Marshall Islands
03/15/2021,0,0,Micronesia
03/15/2021,0,0,Mariana Islands
03/15/2021,0,0,Palau
03/15/2021,0,0,Alaska
03/15/2021,"22,230","22,230",Idaho
03/15/2021,"56,160","56,160",Oregon
03/15/2021,"98,280","98,280",Washington
03/15/2021,"182,520","182,520",Federal Entities
03/08/2021,"45,630","45,630",Connecticut
03/08/2021,"17,550","17,550",Maine
03/08/2021,"87,750","87,750",Massachusetts
03/08/2021,"17,550","17,550",New Hampshire
03/08/2021,"14,040","14,040",Rhode Island
03/08/2021,"8,190","8,190",Vermont
03/08/2021,"111,150","111,150",New Jersey
03/08/2021,"140,400","140,400",New York
03/08/2021,"106,470","106,470",New York City
03/08/2021,"43,290","43,290",Puerto Rico
03/08/2021,"2,340","2,340",U.S. Virgin Islands
03/08/2021,"12,870","12,870",Delaware
03/08/2021,"9,360","9,360",District of Columbia
03/08/2021,"74,880","74,880",Maryland
03/08/2021,"141,570","141,570",Pennsylvania
03/08/2021,"19,890","19,890",Philadelphia
03/08/2021,"105,300","105,300",Virginia
03/08/2021,"23,400","23,400",West Virginia
03/08/2021,"60,840","60,840",Alabama
03/08/2021,"262,080","262,080",Florida
03/08/2021,"125,190","125,190",Georgia
03/08/2021,"54,990","54,990",Kentucky
03/08/2021,"36,270","36,270",Mississippi
03/08/2021,"126,360","126,360",North Carolina
03/08/2021,"62,010","62,010",South Carolina
03/08/2021,"83,070","83,070",Tennessee
03/08/2021,"33,930","33,930",Chicago
03/08/2021,"125,190","125,190",Illinois
03/08/2021,"80,730","80,730",Indiana
03/08/2021,"124,020","124,020",Michigan
03/08/2021,"67,860","67,860",Minnesota
03/08/2021,"143,910","143,910",Ohio
03/08/2021,"72,540","72,540",Wisconsin
03/08/2021,"37,440","37,440",Arkansas
03/08/2021,"57,330","57,330",Louisiana
03/08/2021,"25,740","25,740",New Mexico
03/08/2021,"47,970","47,970",Oklahoma
03/08/2021,"328,770","328,770",Texas
03/08/2021,"38,610","38,610",Iowa
03/08/2021,"35,100","35,100",Kansas
03/08/2021,"76,050","76,050",Missouri
03/08/2021,"23,400","23,400",Nebraska
03/08/2021,"69,030","69,030",Colorado
03/08/2021,"14,040","14,040",Montana
03/08/2021,"10,530","10,530",North Dakota
03/08/2021,"10,530","10,530",South Dakota
03/08/2021,"35,100","35,100",Utah
03/08/2021,"8,190","8,190",Wyoming
03/08/2021,"85,410","85,410",Arizona
03/08/2021,"479,700","479,700",California
03/08/2021,"18,720","18,720",Hawaii
03/08/2021,"36,270","36,270",Nevada
03/08/2021,0,0,American Samoa
03/08/2021,0,0,Guam
03/08/2021,0,0,Marshall Islands
03/08/2021,0,0,Micronesia
03/08/2021,0,0,Mariana Islands
03/08/2021,0,0,Palau
03/08/2021,0,0,Alaska
03/08/2021,"19,890","19,890",Idaho
03/08/2021,"51,480","51,480",Oregon
03/08/2021,"91,260","91,260",Washington
03/08/2021,"230,490","221,130",Federal Entities
03/01/2021,"54,990","54,990",Alabama
03/01/2021,"53,820","53,820",Alaska
03/01/2021,"9,360",0,American Samoa
03/01/2021,"78,390","78,390",Arizona
03/01/2021,"33,930","33,930",Arkansas
03/01/2021,"438,750","438,750",California
03/01/2021,"31,590","31,590",Chicago
03/01/2021,"63,180","63,180",Colorado
03/01/2021,"42,120","42,120",Connecticut
03/01/2021,"11,700","11,700",Delaware
03/01/2021,"9,360","9,360",District of Columbia
03/01/2021,"209,430","190,710",Federal Entities
03/01/2021,"239,850","239,850",Florida
03/01/2021,"114,660","114,660",Georgia
03/01/2021,"21,060",0,Guam
03/01/2021,"16,380","16,380",Hawaii
03/01/2021,"18,720","18,720",Idaho
03/01/2021,"114,660","114,660",Illinois
03/01/2021,"74,880","74,880",Indiana
03/01/2021,"35,100","35,100",Iowa
03/01/2021,"32,760","32,760",Kansas
03/01/2021,"50,310","50,310",Kentucky
03/01/2021,"52,650","52,650",Louisiana
03/01/2021,"16,380","16,380",Maine
03/01/2021,"9,360",0,Mariana Islands
03/01/2021,0,0,Marshall Islands
03/01/2021,"69,030","69,030",Maryland
03/01/2021,"79,560","79,560",Massachusetts
03/01/2021,"113,490","113,490",Michigan
03/01/2021,0,0,Micronesia
03/01/2021,"62,010","62,010",Minnesota
03/01/2021,"33,930","33,930",Mississippi
03/01/2021,"69,030","69,030",Missouri
03/01/2021,"12,870","12,870",Montana
03/01/2021,"22,230","22,230",Nebraska
03/01/2021,"33,930","33,930",Nevada
03/01/2021,"16,380","16,380",New Hampshire
03/01/2021,"101,790","101,790",New Jersey
03/01/2021,"24,570","24,570",New Mexico
03/01/2021,"128,700","128,700",New York
03/01/2021,"98,280","98,280",New York City
03/01/2021,"115,830","115,830",North Carolina
03/01/2021,"9,360","9,360",North Dakota
03/01/2021,"132,210","132,210",Ohio
03/01/2021,"43,290","43,290",Oklahoma
03/01/2021,"47,970","47,970",Oregon
03/01/2021,0,0,Palau
03/01/2021,"129,870","129,870",Pennsylvania
03/01/2021,"18,720","18,720",Philadelphia
03/01/2021,"39,780","39,780",Puerto Rico
03/01/2021,"12,870","12,870",Rhode Island
03/01/2021,"57,330","57,330",South Carolina
03/01/2021,"10,530","10,530",South Dakota
03/01/2021,"76,050","76,050",Tennessee
03/01/2021,"300,690","300,690",Texas
03/01/2021,"2,340","2,340",U.S. Virgin Islands
03/01/2021,"31,590","31,590",Utah
03/01/2021,"8,190","8,190",Vermont
03/01/2021,"95,940","95,940",Virginia
03/01/2021,"84,240","84,240",Washington
03/01/2021,"22,230","22,230",West Virginia
03/01/2021,"66,690","66,690",Wisconsin
03/01/2021,"7,020","7,020",Wyoming
02/22/2021,"47,970","47,970",Alabama
02/22/2021,0,0,Alaska
02/22/2021,0,0,American Samoa
02/22/2021,"69,030","69,030",Arizona
02/22/2021,"29,250","29,250",Arkansas
02/22/2021,"382,590","382,590",California
02/22/2021,"26,910","26,910",Chicago
02/22/2021,"54,990","54,990",Colorado
02/22/2021,"36,270","36,270",Connecticut
02/22/2021,"10,530","10,530",Delaware
02/22/2021,"8,190","8,190",District of Columbia
02/22/2021,"166,140","166,140",Federal Entities
02/22/2021,"209,430","209,430",Florida
02/22/2021,"99,450","99,450",Georgia
02/22/2021,0,0,Guam
02/22/2021,"15,210","15,210",Hawaii
02/22/2021,"16,380","16,380",Idaho
02/22/2021,"99,450","99,450",Illinois
02/22/2021,"64,350","64,350",Indiana
02/22/2021,"31,590","31,590",Iowa
02/22/2021,"28,080","28,080",Kansas
02/22/2021,"44,460","44,460",Kentucky
02/22/2021,"45,630","45,630",Louisiana
02/22/2021,"14,040","14,040",Maine
02/22/2021,0,0,Mariana Islands
02/22/2021,0,0,Marshall Islands
02/22/2021,"59,670","59,670",Maryland
02/22/2021,"70,200","70,200",Massachusetts
02/22/2021,"99,450","99,450",Michigan
02/22/2021,0,0,Micronesia
02/22/2021,"54,990","54,990",Minnesota
02/22/2021,"29,250","29,250",Mississippi
02/22/2021,"60,840","60,840",Missouri
02/22/2021,"10,530","10,530",Montana
02/22/2021,"18,720","18,720",Nebraska
02/22/2021,"29,250","29,250",Nevada
02/22/2021,"14,040","14,040",New Hampshire
02/22/2021,"88,920","88,920",New Jersey
02/22/2021,"21,060","21,060",New Mexico
02/22/2021,"112,320","112,320",New York
02/22/2021,"85,410","85,410",New York City
02/22/2021,"100,620","100,620",North Carolina
02/22/2021,"8,190","8,190",North Dakota
02/22/2021,"115,830","115,830",Ohio
02/22/2021,"38,610","38,610",Oklahoma
02/22/2021,"42,120","42,120",Oregon
02/22/2021,0,0,Palau
02/22/2021,"113,490","113,490",Pennsylvania
02/22/2021,"16,380","16,380",Philadelphia
02/22/2021,"35,100","35,100",Puerto Rico
02/22/2021,"11,700","11,700",Rhode Island
02/22/2021,"49,140","49,140",South Carolina
02/22/2021,"9,360","9,360",South Dakota
02/22/2021,"65,520","65,520",Tennessee
02/22/2021,"262,080","262,080",Texas
02/22/2021,"1,170","1,170",U.S. Virgin Islands
02/22/2021,"28,080","28,080",Utah
02/22/2021,"7,020","7,020",Vermont
02/22/2021,"84,240","84,240",Virginia
02/22/2021,"73,710","73,710",Washington
02/22/2021,"18,720","18,720",West Virginia
02/22/2021,"58,500","58,500",Wisconsin
02/22/2021,"5,850","5,850",Wyoming
02/15/2021,"30,225","30,225",Alabama
02/15/2021,0,0,Alaska
02/15/2021,0,0,American Samoa
02/15/2021,"42,900","42,900",Arizona
02/15/2021,"18,525","18,525",Arkansas
02/15/2021,"241,800","241,800",California
02/15/2021,"17,550","17,550",Chicago
02/15/2021,"35,100","35,100",Colorado
02/15/2021,"23,400","23,400",Connecticut
02/15/2021,"6,825","6,825",Delaware
02/15/2021,"4,875","4,875",District of Columbia
02/15/2021,"105,300","105,300",Federal Entities
02/15/2021,"132,600","132,600",Florida
02/15/2021,"63,375","63,375",Georgia
02/15/2021,0,0,Guam
02/15/2021,"9,750","9,750",Hawaii
02/15/2021,"10,725","10,725",Idaho
02/15/2021,"63,375","63,375",Illinois
02/15/2021,"40,950","40,950",Indiana
02/15/2021,"19,500","19,500",Iowa
02/15/2021,"18,525","18,525",Kansas
02/15/2021,"28,275","28,275",Kentucky
02/15/2021,"29,250","29,250",Louisiana
02/15/2021,"8,775","8,775",Maine
02/15/2021,0,0,Mariana Islands
02/15/2021,0,0,Marshall Islands
02/15/2021,"38,025","38,025",Maryland
02/15/2021,"43,875","43,875",Massachusetts
02/15/2021,"62,400","62,400",Michigan
02/15/2021,0,0,Micronesia
02/15/2021,"34,125","34,125",Minnesota
02/15/2021,"18,525","18,525",Mississippi
02/15/2021,"38,025","38,025",Missouri
02/15/2021,"6,825","6,825",Montana
02/15/2021,"11,700","11,700",Nebraska
02/15/2021,"18,525","18,525",Nevada
02/15/2021,"8,775","8,775",New Hampshire
02/15/2021,"55,575","55,575",New Jersey
02/15/2021,"13,650","13,650",New Mexico
02/15/2021,"71,175","71,175",New York
02/15/2021,"53,625","53,625",New York City
02/15/2021,"63,375","63,375",North Carolina
02/15/2021,"4,875","4,875",North Dakota
02/15/2021,"73,125","73,125",Ohio
02/15/2021,"24,375","24,375",Oklahoma
02/15/2021,"26,325","26,325",Oregon
02/15/2021,0,0,Palau
02/15/2021,"71,175","71,175",Pennsylvania
02/15/2021,"10,725","10,725",Philadelphia
02/15/2021,"22,425","22,425",Puerto Rico
02/15/2021,"6,825","6,825",Rhode Island
02/15/2021,"31,200","31,200",South Carolina
02/15/2021,"5,850","5,850",South Dakota
02/15/2021,"41,925","41,925",Tennessee
02/15/2021,"165,750","165,750",Texas
02/15/2021,975,975,U.S. Virgin Islands
02/15/2021,"17,550","17,550",Utah
02/15/2021,"4,875","4,875",Vermont
02/15/2021,"52,650","52,650",Virginia
02/15/2021,"46,800","46,800",Washington
02/15/2021,"11,700","11,700",West Virginia
02/15/2021,"37,050","37,050",Wisconsin
02/15/2021,"3,900","3,900",Wyoming
02/08/2021,"30,225","30,225",Alabama
02/08/2021,0,0,Alaska
02/08/2021,0,0,American Samoa
02/08/2021,"42,900","42,900",Arizona
02/08/2021,"18,525","18,525",Arkansas
02/08/2021,"241,800","241,800",California
02/08/2021,"17,550","17,550",Chicago
02/08/2021,"35,100","35,100",Colorado
02/08/2021,"23,400","23,400",Connecticut
02/08/2021,"6,825","6,825",Delaware
02/08/2021,"4,875","4,875",District of Columbia
02/08/2021,"105,300","105,300",Federal Entities
02/08/2021,"132,600","132,600",Florida
02/08/2021,"63,375","63,375",Georgia
02/08/2021,0,0,Guam
02/08/2021,"9,750","9,750",Hawaii
02/08/2021,"10,725","10,725",Idaho
02/08/2021,"63,375","63,375",Illinois
02/08/2021,"40,950","40,950",Indiana
02/08/2021,"19,500","19,500",Iowa
02/08/2021,"18,525","18,525",Kansas
02/08/2021,"28,275","28,275",Kentucky
02/08/2021,"29,250","29,250",Louisiana
02/08/2021,"8,775","8,775",Maine
02/08/2021,0,0,Mariana Islands
02/08/2021,0,0,Marshall Islands
02/08/2021,"38,025","38,025",Maryland
02/08/2021,"43,875","43,875",Massachusetts
02/08/2021,"62,400","62,400",Michigan
02/08/2021,0,0,Micronesia
02/08/2021,"34,125","34,125",Minnesota
02/08/2021,"18,525","18,525",Mississippi
02/08/2021,"38,025","38,025",Missouri
02/08/2021,"6,825","6,825",Montana
02/08/2021,"11,700","11,700",Nebraska
02/08/2021,"18,525","18,525",Nevada
02/08/2021,"8,775","8,775",New Hampshire
02/08/2021,"55,575","55,575",New Jersey
02/08/2021,"13,650","13,650",New Mexico
02/08/2021,"71,175","71,175",New York
02/08/2021,"53,625","53,625",New York City
02/08/2021,"63,375","63,375",North Carolina
02/08/2021,"4,875","4,875",North Dakota
02/08/2021,"73,125","73,125",Ohio
02/08/2021,"24,375","24,375",Oklahoma
02/08/2021,"26,325","26,325",Oregon
02/08/2021,0,0,Palau
02/08/2021,"71,175","71,175",Pennsylvania
02/08/2021,"10,725","10,725",Philadelphia
02/08/2021,"22,425","22,425",Puerto Rico
02/08/2021,"6,825","6,825",Rhode Island
02/08/2021,"31,200","31,200",South Carolina
02/08/2021,"5,850","5,850",South Dakota
02/08/2021,"41,925","41,925",Tennessee
02/08/2021,"165,750","165,750",Texas
02/08/2021,975,975,U.S. Virgin Islands
02/08/2021,"17,550","17,550",Utah
02/08/2021,"4,875","4,875",Vermont
02/08/2021,"52,650","52,650",Virginia
02/08/2021,"46,800","46,800",Washington
02/08/2021,"11,700","11,700",West Virginia
02/08/2021,"37,050","37,050",Wisconsin
02/08/2021,"3,900","3,900",Wyoming
02/01/2021,"30,225","30,225",Alabama
02/01/2021,"27,300","27,300",Alaska
02/01/2021,"7,800",0,American Samoa
02/01/2021,"42,900","42,900",Arizona
02/01/2021,"18,525","18,525",Arkansas
02/01/2021,"240,825","240,825",California
02/01/2021,"17,550","17,550",Chicago
02/01/2021,"34,125","34,125",Colorado
02/01/2021,"23,400","23,400",Connecticut
02/01/2021,"6,825","6,825",Delaware
02/01/2021,"4,875","4,875",District of Columbia
02/01/2021,"119,925","104,325",Federal Entities
02/01/2021,"131,625","131,625",Florida
02/01/2021,"62,400","62,400",Georgia
02/01/2021,"7,800",0,Guam
02/01/2021,"9,750","9,750",Hawaii
02/01/2021,"10,725","10,725",Idaho
02/01/2021,"62,400","62,400",Illinois
02/01/2021,"40,950","40,950",Indiana
02/01/2021,"19,500","19,500",Iowa
02/01/2021,"17,550","17,550",Kansas
02/01/2021,"28,275","28,275",Kentucky
02/01/2021,"29,250","29,250",Louisiana
02/01/2021,"8,775","8,775",Maine
02/01/2021,"7,800",0,Mariana Islands
02/01/2021,0,0,Marshall Islands
02/01/2021,"38,025","38,025",Maryland
02/01/2021,"43,875","43,875",Massachusetts
02/01/2021,"62,400","62,400",Michigan
02/01/2021,0,0,Micronesia
02/01/2021,"34,125","34,125",Minnesota
02/01/2021,"18,525","18,525",Mississippi
02/01/2021,"38,025","38,025",Missouri
02/01/2021,"6,825","6,825",Montana
02/01/2021,"11,700","11,700",Nebraska
02/01/2021,"18,525","18,525",Nevada
02/01/2021,"8,775","8,775",New Hampshire
02/01/2021,"55,575","55,575",New Jersey
02/01/2021,"13,650","13,650",New Mexico
02/01/2021,"70,200","70,200",New York
02/01/2021,"53,625","53,625",New York City
02/01/2021,"63,375","63,375",North Carolina
02/01/2021,"4,875","4,875",North Dakota
02/01/2021,"72,150","72,150",Ohio
02/01/2021,"24,375","24,375",Oklahoma
02/01/2021,"26,325","26,325",Oregon
02/01/2021,0,0,Palau
02/01/2021,"71,175","71,175",Pennsylvania
02/01/2021,"10,725","10,725",Philadelphia
02/01/2021,"22,425","22,425",Puerto Rico
02/01/2021,"6,825","6,825",Rhode Island
02/01/2021,"31,200","31,200",South Carolina
02/01/2021,"5,850","5,850",South Dakota
02/01/2021,"41,925","41,925",Tennessee
02/01/2021,"164,775","164,775",Texas
02/01/2021,975,975,U.S. Virgin Islands
02/01/2021,"17,550","17,550",Utah
02/01/2021,"4,875","4,875",Vermont
02/01/2021,"52,650","52,650",Virginia
02/01/2021,"45,825","45,825",Washington
02/01/2021,"11,700","11,700",West Virginia
02/01/2021,"36,075","36,075",Wisconsin
02/01/2021,"3,900","3,900",Wyoming
01/25/2021,"30,225","30,225",Alabama
01/25/2021,0,0,Alaska
01/25/2021,0,0,American Samoa
01/25/2021,"42,900","42,900",Arizona
01/25/2021,"18,525","18,525",Arkansas
01/25/2021,"241,800","241,800",California
01/25/2021,"17,550","17,550",Chicago
01/25/2021,"35,100","35,100",Colorado
01/25/2021,"23,400","23,400",Connecticut
01/25/2021,"6,825","6,825",Delaware
01/25/2021,"4,875","4,875",District of Columbia
01/25/2021,"105,300","105,300",Federal Entities
01/25/2021,"132,600","132,600",Florida
01/25/2021,"63,375","63,375",Georgia
01/25/2021,0,0,Guam
01/25/2021,"9,750","9,750",Hawaii
01/25/2021,"10,725","10,725",Idaho
01/25/2021,"63,375","63,375",Illinois
01/25/2021,"40,950","40,950",Indiana
01/25/2021,"19,500","19,500",Iowa
01/25/2021,"18,525","18,525",Kansas
01/25/2021,"28,275","28,275",Kentucky
01/25/2021,"29,250","29,250",Louisiana
01/25/2021,"8,775","8,775",Maine
01/25/2021,0,0,Mariana Islands
01/25/2021,0,0,Marshall Islands
01/25/2021,"38,025","38,025",Maryland
01/25/2021,"43,875","43,875",Massachusetts
01/25/2021,"62,400","62,400",Michigan
01/25/2021,0,0,Micronesia
01/25/2021,"34,125","34,125",Minnesota
01/25/2021,"18,525","18,525",Mississippi
01/25/2021,"38,025","38,025",Missouri
01/25/2021,"6,825","6,825",Montana
01/25/2021,"11,700","11,700",Nebraska
01/25/2021,"18,525","18,525",Nevada
01/25/2021,"8,775","8,775",New Hampshire
01/25/2021,"55,575","55,575",New Jersey
01/25/2021,"13,650","13,650",New Mexico
01/25/2021,"71,175","71,175",New York
01/25/2021,"53,625","53,625",New York City
01/25/2021,"63,375","63,375",North Carolina
01/25/2021,"4,875","4,875",North Dakota
01/25/2021,"73,125","73,125",Ohio
01/25/2021,"24,375","24,375",Oklahoma
01/25/2021,"26,325","26,325",Oregon
01/25/2021,0,0,Palau
01/25/2021,"71,175","71,175",Pennsylvania
01/25/2021,"10,725","10,725",Philadelphia
01/25/2021,"22,425","22,425",Puerto Rico
01/25/2021,"6,825","6,825",Rhode Island
01/25/2021,"31,200","31,200",South Carolina
01/25/2021,"5,850","5,850",South Dakota
01/25/2021,"41,925","41,925",Tennessee
01/25/2021,"165,750","165,750",Texas
01/25/2021,975,975,U.S. Virgin Islands
01/25/2021,"17,550","17,550",Utah
01/25/2021,"4,875","4,875",Vermont
01/25/2021,"52,650","52,650",Virginia
01/25/2021,"46,800","46,800",Washington
01/25/2021,"11,700","11,700",West Virginia
01/25/2021,"37,050","37,050",Wisconsin
01/25/2021,"3,900","3,900",Wyoming
01/18/2021,"30,225","30,225",Alabama
01/18/2021,0,0,Alaska
01/18/2021,0,0,American Samoa
01/18/2021,"42,900","42,900",Arizona
01/18/2021,"18,525","18,525",Arkansas
01/18/2021,"241,800","241,800",California
01/18/2021,"17,550","17,550",Chicago
01/18/2021,"35,100","35,100",Colorado
01/18/2021,"23,400","23,400",Connecticut
01/18/2021,"6,825","6,825",Delaware
01/18/2021,"4,875","4,875",District of Columbia
01/18/2021,"105,300","105,300",Federal Entities
01/18/2021,"132,600","132,600",Florida
01/18/2021,"63,375","63,375",Georgia
01/18/2021,0,0,Guam
01/18/2021,"9,750","9,750",Hawaii
01/18/2021,"10,725","10,725",Idaho
01/18/2021,"63,375","63,375",Illinois
01/18/2021,"40,950","40,950",Indiana
01/18/2021,"19,500","19,500",Iowa
01/18/2021,"18,525","18,525",Kansas
01/18/2021,"28,275","28,275",Kentucky
01/18/2021,"29,250","29,250",Louisiana
01/18/2021,"8,775","8,775",Maine
01/18/2021,0,0,Mariana Islands
01/18/2021,0,0,Marshall Islands
01/18/2021,"38,025","38,025",Maryland
01/18/2021,"43,875","43,875",Massachusetts
01/18/2021,"62,400","62,400",Michigan
01/18/2021,0,0,Micronesia
01/18/2021,"34,125","34,125",Minnesota
01/18/2021,"18,525","18,525",Mississippi
01/18/2021,"38,025","38,025",Missouri
01/18/2021,"6,825","6,825",Montana
01/18/2021,"11,700","11,700",Nebraska
01/18/2021,"18,525","18,525",Nevada
01/18/2021,"8,775","8,775",New Hampshire
01/18/2021,"55,575","55,575",New Jersey
01/18/2021,"13,650","13,650",New Mexico
01/18/2021,"71,175","71,175",New York
01/18/2021,"53,625","53,625",New York City
01/18/2021,"63,375","63,375",North Carolina
01/18/2021,"4,875","4,875",North Dakota
01/18/2021,"73,125","73,125",Ohio
01/18/2021,"24,375","24,375",Oklahoma
01/18/2021,"26,325","26,325",Oregon
01/18/2021,0,0,Palau
01/18/2021,"71,175","71,175",Pennsylvania
01/18/2021,"10,725","10,725",Philadelphia
01/18/2021,"22,425","22,425",Puerto Rico
01/18/2021,"6,825","6,825",Rhode Island
01/18/2021,"31,200","31,200",South Carolina
01/18/2021,"5,850","5,850",South Dakota
01/18/2021,"41,925","41,925",Tennessee
01/18/2021,"165,750","165,750",Texas
01/18/2021,975,975,U.S. Virgin Islands
01/18/2021,"17,550","17,550",Utah
01/18/2021,"4,875","4,875",Vermont
01/18/2021,"52,650","52,650",Virginia
01/18/2021,"46,800","46,800",Washington
01/18/2021,"11,700","11,700",West Virginia
01/18/2021,"37,050","37,050",Wisconsin
01/18/2021,"3,900","3,900",Wyoming
01/11/2021,"29,250","29,250",Alabama
01/11/2021,0,0,Alaska
01/11/2021,0,0,American Samoa
01/11/2021,"41,925","41,925",Arizona
01/11/2021,"18,525","18,525",Arkansas
01/11/2021,"233,025","233,025",California
01/11/2021,"16,575","16,575",Chicago
01/11/2021,"33,150","33,150",Colorado
01/11/2021,"22,425","22,425",Connecticut
01/11/2021,"5,850","5,850",Delaware
01/11/2021,"4,875","4,875",District of Columbia
01/11/2021,"102,375","102,375",Federal Entities
01/11/2021,"127,725","127,725",Florida
01/11/2021,"60,450","60,450",Georgia
01/11/2021,0,0,Guam
01/11/2021,"8,775","8,775",Hawaii
01/11/2021,"9,750","9,750",Idaho
01/11/2021,"60,450","60,450",Illinois
01/11/2021,"39,975","39,975",Indiana
01/11/2021,"19,500","19,500",Iowa
01/11/2021,"17,550","17,550",Kansas
01/11/2021,"27,300","27,300",Kentucky
01/11/2021,"28,275","28,275",Louisiana
01/11/2021,"8,775","8,775",Maine
01/11/2021,0,0,Mariana Islands
01/11/2021,0,0,Marshall Islands
01/11/2021,"36,075","36,075",Maryland
01/11/2021,"42,900","42,900",Massachusetts
01/11/2021,"60,450","60,450",Michigan
01/11/2021,0,0,Micronesia
01/11/2021,"33,150","33,150",Minnesota
01/11/2021,"17,550","17,550",Mississippi
01/11/2021,"37,050","37,050",Missouri
01/11/2021,"6,825","6,825",Montana
01/11/2021,"11,700","11,700",Nebraska
01/11/2021,"17,550","17,550",Nevada
01/11/2021,"8,775","8,775",New Hampshire
01/11/2021,"53,625","53,625",New Jersey
01/11/2021,"12,675","12,675",New Mexico
01/11/2021,"68,250","68,250",New York
01/11/2021,"51,675","51,675",New York City
01/11/2021,"61,425","61,425",North Carolina
01/11/2021,"4,875","4,875",North Dakota
01/11/2021,"70,200","70,200",Ohio
01/11/2021,"23,400","23,400",Oklahoma
01/11/2021,"25,350","25,350",Oregon
01/11/2021,0,0,Palau
01/11/2021,"69,225","69,225",Pennsylvania
01/11/2021,"9,750","9,750",Philadelphia
01/11/2021,"21,450","21,450",Puerto Rico
01/11/2021,"6,825","6,825",Rhode Island
01/11/2021,"30,225","30,225",South Carolina
01/11/2021,"5,850","5,850",South Dakota
01/11/2021,"39,975","39,975",Tennessee
01/11/2021,"159,900","159,900",Texas
01/11/2021,975,975,U.S. Virgin Islands
01/11/2021,"16,575","16,575",Utah
01/11/2021,"4,875","4,875",Vermont
01/11/2021,"50,700","50,700",Virginia
01/11/2021,"57,525","57,525",Washington
01/11/2021,"11,700","11,700",West Virginia
01/11/2021,"35,100","35,100",Wisconsin
01/11/2021,"3,900","3,900",Wyoming
01/04/2021,"29,250","29,250",Alabama
01/04/2021,"27,300","27,300",Alaska
01/04/2021,"7,800",0,American Samoa
01/04/2021,"41,925","41,925",Arizona
01/04/2021,"18,525","18,525",Arkansas
01/04/2021,"232,050","232,050",California
01/04/2021,"16,575","16,575",Chicago
01/04/2021,"33,150","33,150",Colorado
01/04/2021,"22,425","22,425",Connecticut
01/04/2021,"5,850","5,850",Delaware
01/04/2021,"4,875","4,875",District of Columbia
01/04/2021,"117,000","101,400",Federal Entities
01/04/2021,"126,750","126,750",Florida
01/04/2021,"60,450","60,450",Georgia
01/04/2021,"7,800",0,Guam
01/04/2021,"8,775","8,775",Hawaii
01/04/2021,"9,750","9,750",Idaho
01/04/2021,"60,450","60,450",Illinois
01/04/2021,"39,000","39,000",Indiana
01/04/2021,"18,525","18,525",Iowa
01/04/2021,"17,550","17,550",Kansas
01/04/2021,"27,300","27,300",Kentucky
01/04/2021,"28,275","28,275",Louisiana
01/04/2021,"8,775","8,775",Maine
01/04/2021,"7,800",0,Mariana Islands
01/04/2021,0,0,Marshall Islands
01/04/2021,"36,075","36,075",Maryland
01/04/2021,"42,900","42,900",Massachusetts
01/04/2021,"60,450","60,450",Michigan
01/04/2021,0,0,Micronesia
01/04/2021,"33,150","33,150",Minnesota
01/04/2021,"17,550","17,550",Mississippi
01/04/2021,"37,050","37,050",Missouri
01/04/2021,"6,825","6,825",Montana
01/04/2021,"11,700","11,700",Nebraska
01/04/2021,"17,550","17,550",Nevada
01/04/2021,"8,775","8,775",New Hampshire
01/04/2021,"53,625","53,625",New Jersey
01/04/2021,"12,675","12,675",New Mexico
01/04/2021,"68,250","68,250",New York
01/04/2021,"51,675","51,675",New York City
01/04/2021,"61,425","61,425",North Carolina
01/04/2021,"4,875","4,875",North Dakota
01/04/2021,"70,200","70,200",Ohio
01/04/2021,"23,400","23,400",Oklahoma
01/04/2021,"25,350","25,350",Oregon
01/04/2021,0,0,Palau
01/04/2021,"69,225","69,225",Pennsylvania
01/04/2021,"9,750","9,750",Philadelphia
01/04/2021,"21,450","21,450",Puerto Rico
01/04/2021,"6,825","6,825",Rhode Island
01/04/2021,"30,225","30,225",South Carolina
01/04/2021,"5,850","5,850",South Dakota
01/04/2021,"39,975","39,975",Tennessee
01/04/2021,"158,925","158,925",Texas
01/04/2021,975,975,U.S. Virgin Islands
01/04/2021,"16,575","16,575",Utah
01/04/2021,"3,900","3,900",Vermont
01/04/2021,"50,700","50,700",Virginia
01/04/2021,"44,850","44,850",Washington
01/04/2021,"11,700","11,700",West Virginia
01/04/2021,"35,100","35,100",Wisconsin
01/04/2021,"3,900","3,900",Wyoming
12/28/2020,"38,025","38,025",Alabama
12/28/2020,0,0,Alaska
12/28/2020,0,0,American Samoa
12/28/2020,"53,625","53,625",Arizona
12/28/2020,"23,400","23,400",Arkansas
12/28/2020,"297,375","297,375",California
12/28/2020,"21,450","21,450",Chicago
12/28/2020,"42,900","42,900",Colorado
12/28/2020,"28,275","28,275",Connecticut
12/28/2020,"7,800","7,800",Delaware
12/28/2020,"5,850","5,850",District of Columbia
12/28/2020,"128,700","128,700",Federal Entities
12/28/2020,"162,825","162,825",Florida
12/28/2020,"77,025","77,025",Georgia
12/28/2020,0,0,Guam
12/28/2020,"11,700","11,700",Hawaii
12/28/2020,"12,675","12,675",Idaho
12/28/2020,"78,000","78,000",Illinois
12/28/2020,"50,700","50,700",Indiana
12/28/2020,"24,375","24,375",Iowa
12/28/2020,"22,425","22,425",Kansas
12/28/2020,"34,125","34,125",Kentucky
12/28/2020,"36,075","36,075",Louisiana
12/28/2020,"10,725","10,725",Maine
12/28/2020,0,0,Mariana Islands
12/28/2020,0,0,Marshall Islands
12/28/2020,"46,800","46,800",Maryland
12/28/2020,"54,600","54,600",Massachusetts
12/28/2020,"77,025","77,025",Michigan
12/28/2020,0,0,Micronesia
12/28/2020,"42,900","42,900",Minnesota
12/28/2020,"22,425","22,425",Mississippi
12/28/2020,"46,800","46,800",Missouri
12/28/2020,"8,775","8,775",Montana
12/28/2020,"14,625","14,625",Nebraska
12/28/2020,"22,425","22,425",Nevada
12/28/2020,"10,725","10,725",New Hampshire
12/28/2020,"68,250","68,250",New Jersey
12/28/2020,"16,575","16,575",New Mexico
12/28/2020,"87,750","87,750",New York
12/28/2020,"66,300","66,300",New York City
12/28/2020,"78,000","78,000",North Carolina
12/28/2020,"5,850","5,850",North Dakota
12/28/2020,"89,700","89,700",Ohio
12/28/2020,"29,250","29,250",Oklahoma
12/28/2020,"32,175","32,175",Oregon
12/28/2020,0,0,Palau
12/28/2020,"88,725","88,725",Pennsylvania
12/28/2020,"12,675","12,675",Philadelphia
12/28/2020,"27,300","27,300",Puerto Rico
12/28/2020,"8,775","8,775",Rhode Island
12/28/2020,"39,000","39,000",South Carolina
12/28/2020,"6,825","6,825",South Dakota
12/28/2020,"51,675","51,675",Tennessee
12/28/2020,"203,775","203,775",Texas
12/28/2020,975,975,U.S. Virgin Islands
12/28/2020,"21,450","21,450",Utah
12/28/2020,"5,850","5,850",Vermont
12/28/2020,"65,325","65,325",Virginia
12/28/2020,"57,525","57,525",Washington
12/28/2020,"14,625","14,625",West Virginia
12/28/2020,"44,850","44,850",Wisconsin
12/28/2020,"4,875","4,875",Wyoming
12/21/2020,"29,250","29,250",Alabama
12/21/2020,0,0,Alaska
12/21/2020,0,0,American Samoa
12/21/2020,"41,925","41,925",Arizona
12/21/2020,"18,525","18,525",Arkansas
12/21/2020,"233,025","233,025",California
12/21/2020,"16,575","16,575",Chicago
12/21/2020,"33,150","33,150",Colorado
12/21/2020,"22,425","22,425",Connecticut
12/21/2020,"5,850","5,850",Delaware
12/21/2020,"4,875","4,875",District of Columbia
12/21/2020,"102,375","102,375",Federal Entities
12/21/2020,"127,725","127,725",Florida
12/21/2020,"60,450","60,450",Georgia
12/21/2020,0,0,Guam
12/21/2020,"8,775","8,775",Hawaii
12/21/2020,"9,750","9,750",Idaho
12/21/2020,"60,450","60,450",Illinois
12/21/2020,"39,975","39,975",Indiana
12/21/2020,"19,500","19,500",Iowa
12/21/2020,"17,550","17,550",Kansas
12/21/2020,"27,300","27,300",Kentucky
12/21/2020,"28,275","28,275",Louisiana
12/21/2020,"8,775","8,775",Maine
12/21/2020,0,0,Mariana Islands
12/21/2020,0,0,Marshall Islands
12/21/2020,"36,075","36,075",Maryland
12/21/2020,"42,900","42,900",Massachusetts
12/21/2020,"60,450","60,450",Michigan
12/21/2020,0,0,Micronesia
12/21/2020,"33,150","33,150",Minnesota
12/21/2020,"17,550","17,550",Mississippi
12/21/2020,"37,050","37,050",Missouri
12/21/2020,"6,825","6,825",Montana
12/21/2020,"11,700","11,700",Nebraska
12/21/2020,"17,550","17,550",Nevada
12/21/2020,"8,775","8,775",New Hampshire
12/21/2020,"53,625","53,625",New Jersey
12/21/2020,"12,675","12,675",New Mexico
12/21/2020,"68,250","68,250",New York
12/21/2020,"51,675","51,675",New York City
12/21/2020,"61,425","61,425",North Carolina
12/21/2020,"4,875","4,875",North Dakota
12/21/2020,"70,200","70,200",Ohio
12/21/2020,"23,400","23,400",Oklahoma
12/21/2020,"25,350","25,350",Oregon
12/21/2020,0,0,Palau
12/21/2020,"69,225","69,225",Pennsylvania
12/21/2020,"9,750","9,750",Philadelphia
12/21/2020,"21,450","21,450",Puerto Rico
12/21/2020,"6,825","6,825",Rhode Island
12/21/2020,"30,225","30,225",South Carolina
12/21/2020,"5,850","5,850",South Dakota
12/21/2020,"39,975","39,975",Tennessee
12/21/2020,"159,900","159,900",Texas
12/21/2020,975,975,U.S. Virgin Islands
12/21/2020,"16,575","16,575",Utah
12/21/2020,"4,875","4,875",Vermont
12/21/2020,"50,700","50,700",Virginia
12/21/2020,"44,850","44,850",Washington
12/21/2020,"11,700","11,700",West Virginia
12/21/2020,"35,100","35,100",Wisconsin
12/21/2020,"3,900","3,900",Wyoming
12/14/2020,"40,950","40,950",Alabama
12/14/2020,"35,100","35,100",Alaska
12/14/2020,"5,850",0,American Samoa
12/14/2020,"58,500","58,500",Arizona
12/14/2020,"25,350","25,350",Arkansas
12/14/2020,"327,600","327,600",California
12/14/2020,"23,400","23,400",Chicago
12/14/2020,"46,800","46,800",Colorado
12/14/2020,"31,200","31,200",Connecticut
12/14/2020,"8,775","8,775",Delaware
12/14/2020,"6,825","6,825",District of Columbia
12/14/2020,"156,000","142,350",Federal Entities
12/14/2020,"179,400","179,400",Florida
12/14/2020,"84,825","84,825",Georgia
12/14/2020,"11,700",0,Guam
12/14/2020,"12,675","12,675",Hawaii
12/14/2020,"13,650","13,650",Idaho
12/14/2020,"85,800","85,800",Illinois
12/14/2020,"55,575","55,575",Indiana
12/14/2020,"26,325","26,325",Iowa
12/14/2020,"24,375","24,375",Kansas
12/14/2020,"38,025","38,025",Kentucky
12/14/2020,"39,000","39,000",Louisiana
12/14/2020,"12,675","12,675",Maine
12/14/2020,"5,850",0,Mariana Islands
12/14/2020,0,0,Marshall Islands
12/14/2020,"50,700","50,700",Maryland
12/14/2020,"59,475","59,475",Massachusetts
12/14/2020,"84,825","84,825",Michigan
12/14/2020,0,0,Micronesia
12/14/2020,"46,800","46,800",Minnesota
12/14/2020,"25,350","25,350",Mississippi
12/14/2020,"51,675","51,675",Missouri
12/14/2020,"9,750","9,750",Montana
12/14/2020,"16,575","16,575",Nebraska
12/14/2020,"25,350","25,350",Nevada
12/14/2020,"12,675","12,675",New Hampshire
12/14/2020,"76,050","76,050",New Jersey
12/14/2020,"17,550","17,550",New Mexico
12/14/2020,"96,525","96,525",New York
12/14/2020,"73,125","73,125",New York City
12/14/2020,"85,800","85,800",North Carolina
12/14/2020,"6,825","6,825",North Dakota
12/14/2020,"98,475","98,475",Ohio
12/14/2020,"33,150","33,150",Oklahoma
12/14/2020,"35,100","35,100",Oregon
12/14/2020,0,0,Palau
12/14/2020,"97,500","97,500",Pennsylvania
12/14/2020,"13,650","13,650",Philadelphia
12/14/2020,"30,225","30,225",Puerto Rico
12/14/2020,"9,750","9,750",Rhode Island
12/14/2020,"42,900","42,900",South Carolina
12/14/2020,"7,800","7,800",South Dakota
12/14/2020,"56,550","56,550",Tennessee
12/14/2020,"224,250","224,250",Texas
12/14/2020,975,975,U.S. Virgin Islands
12/14/2020,"23,400","23,400",Utah
12/14/2020,"5,850","5,850",Vermont
12/14/2020,"72,150","72,150",Virginia
12/14/2020,"62,400","62,400",Washington
12/14/2020,"16,575","16,575",West Virginia
12/14/2020,"49,725","49,725",Wisconsin
12/14/2020,"4,875","4,875",Wyoming
